Archive_Number,Shelf_Number
1,101
1,102
1,103
1,104
1,105
1,106
1,107
1,108
1,109
1,110
1,111
1,112
1,113
1,114
1,115
1,116
1,117
1,118
1,119
1,120
1,121
1,122
1,123
1,124
1,125
1,126
1,127
1,128
1,129
1,130
1,131
1,132
1,133
1,134
1,135
1,136
1,137
1,138
1,139
1,140
1,141
1,142
1,143
1,144
1,145
1,146
1,147
1,148
1,149
1,150
1,151
1,152
1,153
1,154
1,155
1,156
1,157
1,158
1,159
1,160
1,161
1,162
1,163
1,164
1,165
1,166
1,167
1,168
1,169
1,170
1,171
1,172
1,173
1,174
1,175
1,176
1,177
1,178
1,179
1,180
1,181
1,182
1,183
1,184
1,185
1,186
1,187
1,188
1,189
1,190
1,191
1,192
1,193
1,194
1,195
1,196
1,197
1,198
1,199
1,200
1,201
1,202
1,203
1,204
1,205
1,206
1,207
1,208
1,209
1,210
1,211
1,212
1,213
1,214
1,215
1,216
1,217
1,218
1,219
1,220
1,221
1,222
1,223
1,224
1,225
1,226
1,227
1,228
1,229
1,230
1,231
1,232
1,233
1,234
1,235
1,236
1,237
1,238
1,239
1,240
1,241
1,242
1,243
1,244
1,245
1,246
1,247
1,248
1,249
1,250
1,251
1,252
1,253
1,254
1,255
1,256
1,257
1,258
1,259
1,260
1,261
1,262
1,263
1,264
1,265
1,266
1,267
1,268
1,269
1,270
1,271
1,272
1,273
1,274
1,275
1,276
1,277
1,278
1,279
1,280
1,281
1,282
1,283
1,284
1,285
1,286
1,287
1,288
1,289
1,290
2,101
2,102
2,103
2,104
2,105
2,106
2,107
2,108
2,109
2,110
2,111
2,112
2,113
2,114
2,115
2,116
2,117
2,118
2,119
2,120
2,121
2,122
2,123
2,124
2,125
2,126
2,127
2,128
2,129
2,130
2,131
2,132
2,133
2,134
2,135
2,136
2,137
2,138
2,139
2,140
2,141
2,142
2,143
2,144
2,145
2,146
2,147
2,148
2,149
2,150
2,151
2,152
2,153
2,154
2,155
2,156
2,157
2,158
2,159
2,160
2,161
2,162
2,163
2,164
2,165
2,166
2,167
2,168
2,169
2,170
2,171
2,172
2,173
2,174
2,175
2,176
2,177
2,178
2,179
2,180
2,181
2,182
2,183
2,184
2,185
2,186
2,187
2,188
2,189
2,190
2,191
2,192
2,193
2,194
2,195
2,196
2,197
2,198
2,199
2,200
2,201
2,202
2,203
2,204
2,205
2,206
2,207
2,208
2,209
2,210
2,211
2,212
2,213
2,214
2,215
2,216
2,217
2,218
2,219
2,220
2,221
2,222
2,223
2,224
2,225
2,226
2,227
2,228
2,229
2,230
2,231
2,232
2,233
2,234
2,235
2,236
2,237
2,238
2,239
2,240
2,241
2,242
2,243
2,244
2,245
2,246
2,247
2,248
2,249
2,250
2,251
2,252
2,253
2,254
2,255
2,256
2,257
2,258
2,259
2,260
2,261
2,262
2,263
2,264
2,265
2,266
2,267
2,268
2,269
2,270
2,271
2,272
2,273
2,274
2,275
2,276
2,277
2,278
2,279
2,280
2,281
2,282
2,283
2,284
2,285
2,286
2,287
2,288
2,289
2,290
2,291
2,292
2,293
2,294
2,295
2,296
2,297
2,298
2,299
2,300
3,101
3,102
3,103
3,104
3,105
3,106
3,107
3,108
3,109
3,110
3,111
3,112
3,113
3,114
3,115
3,116
3,117
3,118
3,119
3,120
3,121
3,122
3,123
3,124
3,125
3,126
3,127
3,128
3,129
3,130
3,131
3,132
3,133
3,134
3,135
3,136
3,137
3,138
3,139
3,140
3,141
3,142
3,143
3,144
3,145
3,146
3,147
3,148
3,149
3,150
3,151
3,152
3,153
3,154
3,155
3,156
3,157
3,158
3,159
3,160
3,161
3,162
3,163
3,164
3,165
3,166
3,167
3,168
3,169
3,170
3,171
3,172
3,173
3,174
3,175
3,176
3,177
3,178
3,179
3,180
3,181
3,182
3,183
3,184
3,185
3,186
3,187
3,188
3,189
3,190
3,191
3,192
3,193
3,194
3,195
3,196
3,197
3,198
3,199
3,200
3,201
3,202
3,203
3,204
3,205
3,206
3,207
3,208
3,209
3,210
3,211
3,212
3,213
3,214
3,215
3,216
3,217
3,218
3,219
3,220
3,221
3,222
3,223
3,224
3,225
3,226
3,227
3,228
3,229
3,230
3,231
3,232
3,233
3,234
3,235
3,236
3,237
3,238
3,239
3,240
3,241
3,242
3,243
3,244
3,245
3,246
3,247
3,248
3,249
3,250
3,251
3,252
3,253
3,254
3,255
3,256
3,257
3,258
3,259
3,260
4,101
4,102
4,103
4,104
4,105
4,106
4,107
4,108
4,109
4,110
4,111
4,112
4,113
4,114
4,115
4,116
4,117
4,118
4,119
4,120
4,121
4,122
4,123
4,124
4,125
4,126
4,127
4,128
4,129
4,130
4,131
4,132
4,133
4,134
4,135
4,136
4,137
4,138
4,139
4,140
4,141
4,142
4,143
4,144
4,145
4,146
4,147
4,148
4,149
4,150
4,151
4,152
4,153
4,154
4,155
4,156
4,157
4,158
4,159
4,160
4,161
4,162
4,163
4,164
4,165
4,166
4,167
4,168
4,169
4,170
4,171
4,172
4,173
4,174
4,175
4,176
4,177
4,178
4,179
4,180
4,181
4,182
4,183
4,184
4,185
4,186
4,187
4,188
4,189
4,190
4,191
4,192
4,193
4,194
4,195
4,196
4,197
4,198
4,199
4,200
4,201
4,202
4,203
4,204
4,205
4,206
4,207
4,208
4,209
4,210
4,211
4,212
4,213
4,214
4,215
4,216
4,217
4,218
4,219
4,220
4,221
4,222
4,223
4,224
4,225
4,226
4,227
4,228
4,229
4,230
4,231
4,232
4,233
4,234
4,235
4,236
4,237
4,238
4,239
4,240
4,241
4,242
4,243
4,244
4,245
4,246
4,247
4,248
4,249
4,250
4,251
4,252
4,253
4,254
4,255
4,256
4,257
4,258
4,259
4,260
4,261
4,262
4,263
4,264
4,265
4,266
4,267
4,268
4,269
4,270
4,271
4,272
4,273
4,274
4,275
4,276
4,277
4,278
4,279
4,280
4,281
4,282
4,283
4,284
4,285
4,286
4,287
4,288
4,289
4,290
4,291
4,292
4,293
4,294
4,295
4,296
4,297
4,298
4,299
4,300
5,101
5,102
5,103
5,104
5,105
5,106
5,107
5,108
5,109
5,110
5,111
5,112
5,113
5,114
5,115
5,116
5,117
5,118
5,119
5,120
5,121
5,122
5,123
5,124
5,125
5,126
5,127
5,128
5,129
5,130
5,131
5,132
5,133
5,134
5,135
5,136
5,137
5,138
5,139
5,140
5,141
5,142
5,143
5,144
5,145
5,146
5,147
5,148
5,149
5,150
5,151
5,152
5,153
5,154
5,155
5,156
5,157
5,158
5,159
5,160
5,161
5,162
5,163
5,164
5,165
5,166
5,167
5,168
5,169
5,170
5,171
5,172
5,173
5,174
5,175
5,176
5,177
5,178
5,179
5,180
5,181
5,182
5,183
5,184
5,185
5,186
5,187
5,188
5,189
5,190
5,191
5,192
5,193
5,194
5,195
5,196
5,197
5,198
5,199
5,200
5,201
5,202
5,203
5,204
5,205
5,206
5,207
5,208
5,209
5,210
5,211
5,212
5,213
5,214
5,215
5,216
5,217
5,218
5,219
5,220
5,221
5,222
5,223
5,224
5,225
5,226
5,227
5,228
5,229
5,230
5,231
5,232
5,233
5,234
5,235
5,236
5,237
5,238
5,239
5,240
5,241
5,242
5,243
5,244
5,245
5,246
5,247
5,248
5,249
5,250
5,251
5,252
5,253
5,254
5,255
5,256
5,257
5,258
5,259
5,260
5,261
5,262
5,263
5,264
5,265
5,266
5,267
5,268
5,269
5,270
6,101
6,102
6,103
6,104
6,105
6,106
6,107
6,108
6,109
6,110
6,111
6,112
6,113
6,114
6,115
6,116
6,117
6,118
6,119
6,120
6,121
6,122
6,123
6,124
6,125
6,126
6,127
6,128
6,129
6,130
6,131
6,132
6,133
6,134
6,135
6,136
6,137
6,138
6,139
6,140
6,141
6,142
6,143
6,144
6,145
6,146
6,147
6,148
6,149
6,150
6,151
6,152
6,153
6,154
6,155
6,156
6,157
6,158
6,159
6,160
6,161
6,162
6,163
6,164
6,165
6,166
6,167
6,168
6,169
6,170
6,171
6,172
6,173
6,174
6,175
6,176
6,177
6,178
6,179
6,180
6,181
6,182
6,183
6,184
6,185
6,186
6,187
6,188
6,189
6,190
6,191
6,192
6,193
6,194
6,195
6,196
6,197
6,198
6,199
6,200
6,201
6,202
6,203
6,204
6,205
6,206
6,207
6,208
6,209
6,210
6,211
6,212
6,213
6,214
6,215
6,216
6,217
6,218
6,219
6,220
6,221
6,222
6,223
6,224
6,225
6,226
6,227
6,228
6,229
6,230
6,231
6,232
6,233
6,234
6,235
6,236
6,237
6,238
6,239
6,240
6,241
6,242
6,243
6,244
6,245
6,246
6,247
6,248
6,249
6,250
7,101
7,102
7,103
7,104
7,105
7,106
7,107
7,108
7,109
7,110
7,111
7,112
7,113
7,114
7,115
7,116
7,117
7,118
7,119
7,120
7,121
7,122
7,123
7,124
7,125
7,126
7,127
7,128
7,129
7,130
7,131
7,132
7,133
7,134
7,135
7,136
7,137
7,138
7,139
7,140
7,141
7,142
7,143
7,144
7,145
7,146
7,147
7,148
7,149
7,150
7,151
7,152
7,153
7,154
7,155
7,156
7,157
7,158
7,159
7,160
7,161
7,162
7,163
7,164
7,165
7,166
7,167
7,168
7,169
7,170
7,171
7,172
7,173
7,174
7,175
7,176
7,177
7,178
7,179
7,180
7,181
7,182
7,183
7,184
7,185
7,186
7,187
7,188
7,189
7,190
7,191
7,192
7,193
7,194
7,195
7,196
7,197
7,198
7,199
7,200
7,201
7,202
7,203
7,204
7,205
7,206
7,207
7,208
7,209
7,210
7,211
7,212
7,213
7,214
7,215
7,216
7,217
7,218
7,219
7,220
7,221
7,222
7,223
7,224
7,225
7,226
7,227
7,228
7,229
7,230
7,231
7,232
7,233
7,234
7,235
7,236
7,237
7,238
7,239
7,240
7,241
7,242
7,243
7,244
7,245
7,246
7,247
7,248
7,249
7,250
7,251
7,252
7,253
7,254
7,255
7,256
7,257
7,258
7,259
7,260
8,101
8,102
8,103
8,104
8,105
8,106
8,107
8,108
8,109
8,110
8,111
8,112
8,113
8,114
8,115
8,116
8,117
8,118
8,119
8,120
8,121
8,122
8,123
8,124
8,125
8,126
8,127
8,128
8,129
8,130
8,131
8,132
8,133
8,134
8,135
8,136
8,137
8,138
8,139
8,140
8,141
8,142
8,143
8,144
8,145
8,146
8,147
8,148
8,149
8,150
8,151
8,152
8,153
8,154
8,155
8,156
8,157
8,158
8,159
8,160
8,161
8,162
8,163
8,164
8,165
8,166
8,167
8,168
8,169
8,170
8,171
8,172
8,173
8,174
8,175
8,176
8,177
8,178
8,179
8,180
8,181
8,182
8,183
8,184
8,185
8,186
8,187
8,188
8,189
8,190
8,191
8,192
8,193
8,194
8,195
8,196
8,197
8,198
8,199
8,200
8,201
8,202
8,203
8,204
8,205
8,206
8,207
8,208
8,209
8,210
8,211
8,212
8,213
8,214
8,215
8,216
8,217
8,218
8,219
8,220
8,221
8,222
8,223
8,224
8,225
8,226
8,227
8,228
8,229
8,230
8,231
8,232
8,233
8,234
8,235
8,236
8,237
8,238
8,239
8,240
8,241
8,242
8,243
8,244
8,245
8,246
8,247
8,248
8,249
8,250
8,251
8,252
8,253
8,254
8,255
8,256
8,257
8,258
8,259
8,260
8,261
8,262
8,263
8,264
8,265
8,266
8,267
8,268
8,269
8,270
8,271
8,272
8,273
8,274
8,275
8,276
8,277
8,278
8,279
8,280
8,281
8,282
8,283
8,284
8,285
8,286
8,287
8,288
8,289
8,290
9,101
9,102
9,103
9,104
9,105
9,106
9,107
9,108
9,109
9,110
9,111
9,112
9,113
9,114
9,115
9,116
9,117
9,118
9,119
9,120
9,121
9,122
9,123
9,124
9,125
9,126
9,127
9,128
9,129
9,130
9,131
9,132
9,133
9,134
9,135
9,136
9,137
9,138
9,139
9,140
9,141
9,142
9,143
9,144
9,145
9,146
9,147
9,148
9,149
9,150
9,151
9,152
9,153
9,154
9,155
9,156
9,157
9,158
9,159
9,160
9,161
9,162
9,163
9,164
9,165
9,166
9,167
9,168
9,169
9,170
9,171
9,172
9,173
9,174
9,175
9,176
9,177
9,178
9,179
9,180
9,181
9,182
9,183
9,184
9,185
9,186
9,187
9,188
9,189
9,190
9,191
9,192
9,193
9,194
9,195
9,196
9,197
9,198
9,199
9,200
10,101
10,102
10,103
10,104
10,105
10,106
10,107
10,108
10,109
10,110
10,111
10,112
10,113
10,114
10,115
10,116
10,117
10,118
10,119
10,120
10,121
10,122
10,123
10,124
10,125
10,126
10,127
10,128
10,129
10,130
10,131
10,132
10,133
10,134
10,135
10,136
10,137
10,138
10,139
10,140
10,141
10,142
10,143
10,144
10,145
10,146
10,147
10,148
10,149
10,150
10,151
10,152
10,153
10,154
10,155
10,156
10,157
10,158
10,159
10,160
10,161
10,162
10,163
10,164
10,165
10,166
10,167
10,168
10,169
10,170
10,171
10,172
10,173
10,174
10,175
10,176
10,177
10,178
10,179
10,180
10,181
10,182
10,183
10,184
10,185
10,186
10,187
10,188
10,189
10,190
10,191
10,192
10,193
10,194
10,195
10,196
10,197
10,198
10,199
10,200
10,201
10,202
10,203
10,204
10,205
10,206
10,207
10,208
10,209
10,210
11,101
11,102
11,103
11,104
11,105
11,106
11,107
11,108
11,109
11,110
11,111
11,112
11,113
11,114
11,115
11,116
11,117
11,118
11,119
11,120
11,121
11,122
11,123
11,124
11,125
11,126
11,127
11,128
11,129
11,130
11,131
11,132
11,133
11,134
11,135
11,136
11,137
11,138
11,139
11,140
11,141
11,142
11,143
11,144
11,145
11,146
11,147
11,148
11,149
11,150
11,151
11,152
11,153
11,154
11,155
11,156
11,157
11,158
11,159
11,160
11,161
11,162
11,163
11,164
11,165
11,166
11,167
11,168
11,169
11,170
11,171
11,172
11,173
11,174
11,175
11,176
11,177
11,178
11,179
11,180
11,181
11,182
11,183
11,184
11,185
11,186
11,187
11,188
11,189
11,190
11,191
11,192
11,193
11,194
11,195
11,196
11,197
11,198
11,199
11,200
11,201
11,202
11,203
11,204
11,205
11,206
11,207
11,208
11,209
11,210
11,211
11,212
11,213
11,214
11,215
11,216
11,217
11,218
11,219
11,220
11,221
11,222
11,223
11,224
11,225
11,226
11,227
11,228
11,229
11,230
11,231
11,232
11,233
11,234
11,235
11,236
11,237
11,238
11,239
11,240
11,241
11,242
11,243
11,244
11,245
11,246
11,247
11,248
11,249
11,250
11,251
11,252
11,253
11,254
11,255
11,256
11,257
11,258
11,259
11,260
11,261
11,262
11,263
11,264
11,265
11,266
11,267
11,268
11,269
11,270
11,271
11,272
11,273
11,274
11,275
11,276
11,277
11,278
11,279
11,280
11,281
11,282
11,283
11,284
11,285
11,286
11,287
11,288
11,289
11,290
11,291
11,292
11,293
11,294
11,295
11,296
11,297
11,298
11,299
11,300
12,101
12,102
12,103
12,104
12,105
12,106
12,107
12,108
12,109
12,110
12,111
12,112
12,113
12,114
12,115
12,116
12,117
12,118
12,119
12,120
12,121
12,122
12,123
12,124
12,125
12,126
12,127
12,128
12,129
12,130
12,131
12,132
12,133
12,134
12,135
12,136
12,137
12,138
12,139
12,140
12,141
12,142
12,143
12,144
12,145
12,146
12,147
12,148
12,149
12,150
12,151
12,152
12,153
12,154
12,155
12,156
12,157
12,158
12,159
12,160
12,161
12,162
12,163
12,164
12,165
12,166
12,167
12,168
12,169
12,170
12,171
12,172
12,173
12,174
12,175
12,176
12,177
12,178
12,179
12,180
12,181
12,182
12,183
12,184
12,185
12,186
12,187
12,188
12,189
12,190
12,191
12,192
12,193
12,194
12,195
12,196
12,197
12,198
12,199
12,200
12,201
12,202
12,203
12,204
12,205
12,206
12,207
12,208
12,209
12,210
12,211
12,212
12,213
12,214
12,215
12,216
12,217
12,218
12,219
12,220
12,221
12,222
12,223
12,224
12,225
12,226
12,227
12,228
12,229
12,230
12,231
12,232
12,233
12,234
12,235
12,236
12,237
12,238
12,239
12,240
12,241
12,242
12,243
12,244
12,245
12,246
12,247
12,248
12,249
12,250
12,251
12,252
12,253
12,254
12,255
12,256
12,257
12,258
12,259
12,260
12,261
12,262
12,263
12,264
12,265
12,266
12,267
12,268
12,269
12,270
12,271
12,272
12,273
12,274
12,275
12,276
12,277
12,278
12,279
12,280
12,281
12,282
12,283
12,284
12,285
12,286
12,287
12,288
12,289
12,290
13,101
13,102
13,103
13,104
13,105
13,106
13,107
13,108
13,109
13,110
13,111
13,112
13,113
13,114
13,115
13,116
13,117
13,118
13,119
13,120
13,121
13,122
13,123
13,124
13,125
13,126
13,127
13,128
13,129
13,130
13,131
13,132
13,133
13,134
13,135
13,136
13,137
13,138
13,139
13,140
13,141
13,142
13,143
13,144
13,145
13,146
13,147
13,148
13,149
13,150
13,151
13,152
13,153
13,154
13,155
13,156
13,157
13,158
13,159
13,160
13,161
13,162
13,163
13,164
13,165
13,166
13,167
13,168
13,169
13,170
13,171
13,172
13,173
13,174
13,175
13,176
13,177
13,178
13,179
13,180
13,181
13,182
13,183
13,184
13,185
13,186
13,187
13,188
13,189
13,190
13,191
13,192
13,193
13,194
13,195
13,196
13,197
13,198
13,199
13,200
13,201
13,202
13,203
13,204
13,205
13,206
13,207
13,208
13,209
13,210
13,211
13,212
13,213
13,214
13,215
13,216
13,217
13,218
13,219
13,220
13,221
13,222
13,223
13,224
13,225
13,226
13,227
13,228
13,229
13,230
13,231
13,232
13,233
13,234
13,235
13,236
13,237
13,238
13,239
13,240
13,241
13,242
13,243
13,244
13,245
13,246
13,247
13,248
13,249
13,250
13,251
13,252
13,253
13,254
13,255
13,256
13,257
13,258
13,259
13,260
13,261
13,262
13,263
13,264
13,265
13,266
13,267
13,268
13,269
13,270
13,271
13,272
13,273
13,274
13,275
13,276
13,277
13,278
13,279
13,280
13,281
13,282
13,283
13,284
13,285
13,286
13,287
13,288
13,289
13,290
13,291
13,292
13,293
13,294
13,295
13,296
13,297
13,298
13,299
13,300
14,101
14,102
14,103
14,104
14,105
14,106
14,107
14,108
14,109
14,110
14,111
14,112
14,113
14,114
14,115
14,116
14,117
14,118
14,119
14,120
14,121
14,122
14,123
14,124
14,125
14,126
14,127
14,128
14,129
14,130
14,131
14,132
14,133
14,134
14,135
14,136
14,137
14,138
14,139
14,140
14,141
14,142
14,143
14,144
14,145
14,146
14,147
14,148
14,149
14,150
14,151
14,152
14,153
14,154
14,155
14,156
14,157
14,158
14,159
14,160
14,161
14,162
14,163
14,164
14,165
14,166
14,167
14,168
14,169
14,170
14,171
14,172
14,173
14,174
14,175
14,176
14,177
14,178
14,179
14,180
14,181
14,182
14,183
14,184
14,185
14,186
14,187
14,188
14,189
14,190
14,191
14,192
14,193
14,194
14,195
14,196
14,197
14,198
14,199
14,200
15,101
15,102
15,103
15,104
15,105
15,106
15,107
15,108
15,109
15,110
15,111
15,112
15,113
15,114
15,115
15,116
15,117
15,118
15,119
15,120
15,121
15,122
15,123
15,124
15,125
15,126
15,127
15,128
15,129
15,130
15,131
15,132
15,133
15,134
15,135
15,136
15,137
15,138
15,139
15,140
15,141
15,142
15,143
15,144
15,145
15,146
15,147
15,148
15,149
15,150
15,151
15,152
15,153
15,154
15,155
15,156
15,157
15,158
15,159
15,160
15,161
15,162
15,163
15,164
15,165
15,166
15,167
15,168
15,169
15,170
15,171
15,172
15,173
15,174
15,175
15,176
15,177
15,178
15,179
15,180
15,181
15,182
15,183
15,184
15,185
15,186
15,187
15,188
15,189
15,190
15,191
15,192
15,193
15,194
15,195
15,196
15,197
15,198
15,199
15,200
15,201
15,202
15,203
15,204
15,205
15,206
15,207
15,208
15,209
15,210
15,211
15,212
15,213
15,214
15,215
15,216
15,217
15,218
15,219
15,220
15,221
15,222
15,223
15,224
15,225
15,226
15,227
15,228
15,229
15,230
15,231
15,232
15,233
15,234
15,235
15,236
15,237
15,238
15,239
15,240
15,241
15,242
15,243
15,244
15,245
15,246
15,247
15,248
15,249
15,250
15,251
15,252
15,253
15,254
15,255
15,256
15,257
15,258
15,259
15,260
15,261
15,262
15,263
15,264
15,265
15,266
15,267
15,268
15,269
15,270
16,101
16,102
16,103
16,104
16,105
16,106
16,107
16,108
16,109
16,110
16,111
16,112
16,113
16,114
16,115
16,116
16,117
16,118
16,119
16,120
16,121
16,122
16,123
16,124
16,125
16,126
16,127
16,128
16,129
16,130
16,131
16,132
16,133
16,134
16,135
16,136
16,137
16,138
16,139
16,140
16,141
16,142
16,143
16,144
16,145
16,146
16,147
16,148
16,149
16,150
16,151
16,152
16,153
16,154
16,155
16,156
16,157
16,158
16,159
16,160
16,161
16,162
16,163
16,164
16,165
16,166
16,167
16,168
16,169
16,170
16,171
16,172
16,173
16,174
16,175
16,176
16,177
16,178
16,179
16,180
16,181
16,182
16,183
16,184
16,185
16,186
16,187
16,188
16,189
16,190
16,191
16,192
16,193
16,194
16,195
16,196
16,197
16,198
16,199
16,200
16,201
16,202
16,203
16,204
16,205
16,206
16,207
16,208
16,209
16,210
16,211
16,212
16,213
16,214
16,215
16,216
16,217
16,218
16,219
16,220
16,221
16,222
16,223
16,224
16,225
16,226
16,227
16,228
16,229
16,230
16,231
16,232
16,233
16,234
16,235
16,236
16,237
16,238
16,239
16,240
16,241
16,242
16,243
16,244
16,245
16,246
16,247
16,248
16,249
16,250
16,251
16,252
16,253
16,254
16,255
16,256
16,257
16,258
16,259
16,260
16,261
16,262
16,263
16,264
16,265
16,266
16,267
16,268
16,269
16,270
16,271
16,272
16,273
16,274
16,275
16,276
16,277
16,278
16,279
16,280
16,281
16,282
16,283
16,284
16,285
16,286
16,287
16,288
16,289
16,290
16,291
16,292
16,293
16,294
16,295
16,296
16,297
16,298
16,299
16,300
17,101
17,102
17,103
17,104
17,105
17,106
17,107
17,108
17,109
17,110
17,111
17,112
17,113
17,114
17,115
17,116
17,117
17,118
17,119
17,120
17,121
17,122
17,123
17,124
17,125
17,126
17,127
17,128
17,129
17,130
17,131
17,132
17,133
17,134
17,135
17,136
17,137
17,138
17,139
17,140
17,141
17,142
17,143
17,144
17,145
17,146
17,147
17,148
17,149
17,150
17,151
17,152
17,153
17,154
17,155
17,156
17,157
17,158
17,159
17,160
17,161
17,162
17,163
17,164
17,165
17,166
17,167
17,168
17,169
17,170
17,171
17,172
17,173
17,174
17,175
17,176
17,177
17,178
17,179
17,180
17,181
17,182
17,183
17,184
17,185
17,186
17,187
17,188
17,189
17,190
17,191
17,192
17,193
17,194
17,195
17,196
17,197
17,198
17,199
17,200
17,201
17,202
17,203
17,204
17,205
17,206
17,207
17,208
17,209
17,210
17,211
17,212
17,213
17,214
17,215
17,216
17,217
17,218
17,219
17,220
17,221
17,222
17,223
17,224
17,225
17,226
17,227
17,228
17,229
17,230
17,231
17,232
17,233
17,234
17,235
17,236
17,237
17,238
17,239
17,240
17,241
17,242
17,243
17,244
17,245
17,246
17,247
17,248
17,249
17,250
17,251
17,252
17,253
17,254
17,255
17,256
17,257
17,258
17,259
17,260
18,101
18,102
18,103
18,104
18,105
18,106
18,107
18,108
18,109
18,110
18,111
18,112
18,113
18,114
18,115
18,116
18,117
18,118
18,119
18,120
18,121
18,122
18,123
18,124
18,125
18,126
18,127
18,128
18,129
18,130
18,131
18,132
18,133
18,134
18,135
18,136
18,137
18,138
18,139
18,140
18,141
18,142
18,143
18,144
18,145
18,146
18,147
18,148
18,149
18,150
18,151
18,152
18,153
18,154
18,155
18,156
18,157
18,158
18,159
18,160
18,161
18,162
18,163
18,164
18,165
18,166
18,167
18,168
18,169
18,170
18,171
18,172
18,173
18,174
18,175
18,176
18,177
18,178
18,179
18,180
18,181
18,182
18,183
18,184
18,185
18,186
18,187
18,188
18,189
18,190
18,191
18,192
18,193
18,194
18,195
18,196
18,197
18,198
18,199
18,200
18,201
18,202
18,203
18,204
18,205
18,206
18,207
18,208
18,209
18,210
18,211
18,212
18,213
18,214
18,215
18,216
18,217
18,218
18,219
18,220
18,221
18,222
18,223
18,224
18,225
18,226
18,227
18,228
18,229
18,230
18,231
18,232
18,233
18,234
18,235
18,236
18,237
18,238
18,239
18,240
18,241
18,242
18,243
18,244
18,245
18,246
18,247
18,248
18,249
18,250
18,251
18,252
18,253
18,254
18,255
18,256
18,257
18,258
18,259
18,260
18,261
18,262
18,263
18,264
18,265
18,266
18,267
18,268
18,269
18,270
18,271
18,272
18,273
18,274
18,275
18,276
18,277
18,278
18,279
18,280
18,281
18,282
18,283
18,284
18,285
18,286
18,287
18,288
18,289
18,290
18,291
18,292
18,293
18,294
18,295
18,296
18,297
18,298
18,299
18,300
19,101
19,102
19,103
19,104
19,105
19,106
19,107
19,108
19,109
19,110
19,111
19,112
19,113
19,114
19,115
19,116
19,117
19,118
19,119
19,120
19,121
19,122
19,123
19,124
19,125
19,126
19,127
19,128
19,129
19,130
19,131
19,132
19,133
19,134
19,135
19,136
19,137
19,138
19,139
19,140
19,141
19,142
19,143
19,144
19,145
19,146
19,147
19,148
19,149
19,150
19,151
19,152
19,153
19,154
19,155
19,156
19,157
19,158
19,159
19,160
19,161
19,162
19,163
19,164
19,165
19,166
19,167
19,168
19,169
19,170
19,171
19,172
19,173
19,174
19,175
19,176
19,177
19,178
19,179
19,180
19,181
19,182
19,183
19,184
19,185
19,186
19,187
19,188
19,189
19,190
19,191
19,192
19,193
19,194
19,195
19,196
19,197
19,198
19,199
19,200
19,201
19,202
19,203
19,204
19,205
19,206
19,207
19,208
19,209
19,210
19,211
19,212
19,213
19,214
19,215
19,216
19,217
19,218
19,219
19,220
19,221
19,222
19,223
19,224
19,225
19,226
19,227
19,228
19,229
19,230
20,101
20,102
20,103
20,104
20,105
20,106
20,107
20,108
20,109
20,110
20,111
20,112
20,113
20,114
20,115
20,116
20,117
20,118
20,119
20,120
20,121
20,122
20,123
20,124
20,125
20,126
20,127
20,128
20,129
20,130
20,131
20,132
20,133
20,134
20,135
20,136
20,137
20,138
20,139
20,140
20,141
20,142
20,143
20,144
20,145
20,146
20,147
20,148
20,149
20,150
20,151
20,152
20,153
20,154
20,155
20,156
20,157
20,158
20,159
20,160
20,161
20,162
20,163
20,164
20,165
20,166
20,167
20,168
20,169
20,170
20,171
20,172
20,173
20,174
20,175
20,176
20,177
20,178
20,179
20,180
20,181
20,182
20,183
20,184
20,185
20,186
20,187
20,188
20,189
20,190
20,191
20,192
20,193
20,194
20,195
20,196
20,197
20,198
20,199
20,200
20,201
20,202
20,203
20,204
20,205
20,206
20,207
20,208
20,209
20,210
20,211
20,212
20,213
20,214
20,215
20,216
20,217
20,218
20,219
20,220
20,221
20,222
20,223
20,224
20,225
20,226
20,227
20,228
20,229
20,230
20,231
20,232
20,233
20,234
20,235
20,236
20,237
20,238
20,239
20,240
20,241
20,242
20,243
20,244
20,245
20,246
20,247
20,248
20,249
20,250
21,101
21,102
21,103
21,104
21,105
21,106
21,107
21,108
21,109
21,110
21,111
21,112
21,113
21,114
21,115
21,116
21,117
21,118
21,119
21,120
21,121
21,122
21,123
21,124
21,125
21,126
21,127
21,128
21,129
21,130
21,131
21,132
21,133
21,134
21,135
21,136
21,137
21,138
21,139
21,140
21,141
21,142
21,143
21,144
21,145
21,146
21,147
21,148
21,149
21,150
21,151
21,152
21,153
21,154
21,155
21,156
21,157
21,158
21,159
21,160
21,161
21,162
21,163
21,164
21,165
21,166
21,167
21,168
21,169
21,170
21,171
21,172
21,173
21,174
21,175
21,176
21,177
21,178
21,179
21,180
21,181
21,182
21,183
21,184
21,185
21,186
21,187
21,188
21,189
21,190
21,191
21,192
21,193
21,194
21,195
21,196
21,197
21,198
21,199
21,200
21,201
21,202
21,203
21,204
21,205
21,206
21,207
21,208
21,209
21,210
21,211
21,212
21,213
21,214
21,215
21,216
21,217
21,218
21,219
21,220
21,221
21,222
21,223
21,224
21,225
21,226
21,227
21,228
21,229
21,230
21,231
21,232
21,233
21,234
21,235
21,236
21,237
21,238
21,239
21,240
21,241
21,242
21,243
21,244
21,245
21,246
21,247
21,248
21,249
21,250
21,251
21,252
21,253
21,254
21,255
21,256
21,257
21,258
21,259
21,260
21,261
21,262
21,263
21,264
21,265
21,266
21,267
21,268
21,269
21,270
21,271
21,272
21,273
21,274
21,275
21,276
21,277
21,278
21,279
21,280
21,281
21,282
21,283
21,284
21,285
21,286
21,287
21,288
21,289
21,290
21,291
21,292
21,293
21,294
21,295
21,296
21,297
21,298
21,299
21,300
22,101
22,102
22,103
22,104
22,105
22,106
22,107
22,108
22,109
22,110
22,111
22,112
22,113
22,114
22,115
22,116
22,117
22,118
22,119
22,120
22,121
22,122
22,123
22,124
22,125
22,126
22,127
22,128
22,129
22,130
22,131
22,132
22,133
22,134
22,135
22,136
22,137
22,138
22,139
22,140
22,141
22,142
22,143
22,144
22,145
22,146
22,147
22,148
22,149
22,150
22,151
22,152
22,153
22,154
22,155
22,156
22,157
22,158
22,159
22,160
22,161
22,162
22,163
22,164
22,165
22,166
22,167
22,168
22,169
22,170
22,171
22,172
22,173
22,174
22,175
22,176
22,177
22,178
22,179
22,180
22,181
22,182
22,183
22,184
22,185
22,186
22,187
22,188
22,189
22,190
22,191
22,192
22,193
22,194
22,195
22,196
22,197
22,198
22,199
22,200
22,201
22,202
22,203
22,204
22,205
22,206
22,207
22,208
22,209
22,210
22,211
22,212
22,213
22,214
22,215
22,216
22,217
22,218
22,219
22,220
22,221
22,222
22,223
22,224
22,225
22,226
22,227
22,228
22,229
22,230
22,231
22,232
22,233
22,234
22,235
22,236
22,237
22,238
22,239
22,240
22,241
22,242
22,243
22,244
22,245
22,246
22,247
22,248
22,249
22,250
22,251
22,252
22,253
22,254
22,255
22,256
22,257
22,258
22,259
22,260
22,261
22,262
22,263
22,264
22,265
22,266
22,267
22,268
22,269
22,270
23,101
23,102
23,103
23,104
23,105
23,106
23,107
23,108
23,109
23,110
23,111
23,112
23,113
23,114
23,115
23,116
23,117
23,118
23,119
23,120
23,121
23,122
23,123
23,124
23,125
23,126
23,127
23,128
23,129
23,130
23,131
23,132
23,133
23,134
23,135
23,136
23,137
23,138
23,139
23,140
23,141
23,142
23,143
23,144
23,145
23,146
23,147
23,148
23,149
23,150
23,151
23,152
23,153
23,154
23,155
23,156
23,157
23,158
23,159
23,160
23,161
23,162
23,163
23,164
23,165
23,166
23,167
23,168
23,169
23,170
23,171
23,172
23,173
23,174
23,175
23,176
23,177
23,178
23,179
23,180
23,181
23,182
23,183
23,184
23,185
23,186
23,187
23,188
23,189
23,190
23,191
23,192
23,193
23,194
23,195
23,196
23,197
23,198
23,199
23,200
23,201
23,202
23,203
23,204
23,205
23,206
23,207
23,208
23,209
23,210
23,211
23,212
23,213
23,214
23,215
23,216
23,217
23,218
23,219
23,220
24,101
24,102
24,103
24,104
24,105
24,106
24,107
24,108
24,109
24,110
24,111
24,112
24,113
24,114
24,115
24,116
24,117
24,118
24,119
24,120
24,121
24,122
24,123
24,124
24,125
24,126
24,127
24,128
24,129
24,130
24,131
24,132
24,133
24,134
24,135
24,136
24,137
24,138
24,139
24,140
24,141
24,142
24,143
24,144
24,145
24,146
24,147
24,148
24,149
24,150
24,151
24,152
24,153
24,154
24,155
24,156
24,157
24,158
24,159
24,160
24,161
24,162
24,163
24,164
24,165
24,166
24,167
24,168
24,169
24,170
24,171
24,172
24,173
24,174
24,175
24,176
24,177
24,178
24,179
24,180
24,181
24,182
24,183
24,184
24,185
24,186
24,187
24,188
24,189
24,190
24,191
24,192
24,193
24,194
24,195
24,196
24,197
24,198
24,199
24,200
24,201
24,202
24,203
24,204
24,205
24,206
24,207
24,208
24,209
24,210
24,211
24,212
24,213
24,214
24,215
24,216
24,217
24,218
24,219
24,220
24,221
24,222
24,223
24,224
24,225
24,226
24,227
24,228
24,229
24,230
24,231
24,232
24,233
24,234
24,235
24,236
24,237
24,238
24,239
24,240
24,241
24,242
24,243
24,244
24,245
24,246
24,247
24,248
24,249
24,250
24,251
24,252
24,253
24,254
24,255
24,256
24,257
24,258
24,259
24,260
24,261
24,262
24,263
24,264
24,265
24,266
24,267
24,268
24,269
24,270
25,101
25,102
25,103
25,104
25,105
25,106
25,107
25,108
25,109
25,110
25,111
25,112
25,113
25,114
25,115
25,116
25,117
25,118
25,119
25,120
25,121
25,122
25,123
25,124
25,125
25,126
25,127
25,128
25,129
25,130
25,131
25,132
25,133
25,134
25,135
25,136
25,137
25,138
25,139
25,140
25,141
25,142
25,143
25,144
25,145
25,146
25,147
25,148
25,149
25,150
25,151
25,152
25,153
25,154
25,155
25,156
25,157
25,158
25,159
25,160
25,161
25,162
25,163
25,164
25,165
25,166
25,167
25,168
25,169
25,170
25,171
25,172
25,173
25,174
25,175
25,176
25,177
25,178
25,179
25,180
25,181
25,182
25,183
25,184
25,185
25,186
25,187
25,188
25,189
25,190
25,191
25,192
25,193
25,194
25,195
25,196
25,197
25,198
25,199
25,200
25,201
25,202
25,203
25,204
25,205
25,206
25,207
25,208
25,209
25,210
25,211
25,212
25,213
25,214
25,215
25,216
25,217
25,218
25,219
25,220
25,221
25,222
25,223
25,224
25,225
25,226
25,227
25,228
25,229
25,230
25,231
25,232
25,233
25,234
25,235
25,236
25,237
25,238
25,239
25,240
25,241
25,242
25,243
25,244
25,245
25,246
25,247
25,248
25,249
25,250
25,251
25,252
25,253
25,254
25,255
25,256
25,257
25,258
25,259
25,260
25,261
25,262
25,263
25,264
25,265
25,266
25,267
25,268
25,269
25,270
25,271
25,272
25,273
25,274
25,275
25,276
25,277
25,278
25,279
25,280
26,101
26,102
26,103
26,104
26,105
26,106
26,107
26,108
26,109
26,110
26,111
26,112
26,113
26,114
26,115
26,116
26,117
26,118
26,119
26,120
26,121
26,122
26,123
26,124
26,125
26,126
26,127
26,128
26,129
26,130
26,131
26,132
26,133
26,134
26,135
26,136
26,137
26,138
26,139
26,140
26,141
26,142
26,143
26,144
26,145
26,146
26,147
26,148
26,149
26,150
26,151
26,152
26,153
26,154
26,155
26,156
26,157
26,158
26,159
26,160
26,161
26,162
26,163
26,164
26,165
26,166
26,167
26,168
26,169
26,170
26,171
26,172
26,173
26,174
26,175
26,176
26,177
26,178
26,179
26,180
26,181
26,182
26,183
26,184
26,185
26,186
26,187
26,188
26,189
26,190
26,191
26,192
26,193
26,194
26,195
26,196
26,197
26,198
26,199
26,200
26,201
26,202
26,203
26,204
26,205
26,206
26,207
26,208
26,209
26,210
26,211
26,212
26,213
26,214
26,215
26,216
26,217
26,218
26,219
26,220
26,221
26,222
26,223
26,224
26,225
26,226
26,227
26,228
26,229
26,230
26,231
26,232
26,233
26,234
26,235
26,236
26,237
26,238
26,239
26,240
26,241
26,242
26,243
26,244
26,245
26,246
26,247
26,248
26,249
26,250
26,251
26,252
26,253
26,254
26,255
26,256
26,257
26,258
26,259
26,260
27,101
27,102
27,103
27,104
27,105
27,106
27,107
27,108
27,109
27,110
27,111
27,112
27,113
27,114
27,115
27,116
27,117
27,118
27,119
27,120
27,121
27,122
27,123
27,124
27,125
27,126
27,127
27,128
27,129
27,130
27,131
27,132
27,133
27,134
27,135
27,136
27,137
27,138
27,139
27,140
27,141
27,142
27,143
27,144
27,145
27,146
27,147
27,148
27,149
27,150
27,151
27,152
27,153
27,154
27,155
27,156
27,157
27,158
27,159
27,160
27,161
27,162
27,163
27,164
27,165
27,166
27,167
27,168
27,169
27,170
27,171
27,172
27,173
27,174
27,175
27,176
27,177
27,178
27,179
27,180
27,181
27,182
27,183
27,184
27,185
27,186
27,187
27,188
27,189
27,190
27,191
27,192
27,193
27,194
27,195
27,196
27,197
27,198
27,199
27,200
27,201
27,202
27,203
27,204
27,205
27,206
27,207
27,208
27,209
27,210
27,211
27,212
27,213
27,214
27,215
27,216
27,217
27,218
27,219
27,220
27,221
27,222
27,223
27,224
27,225
27,226
27,227
27,228
27,229
27,230
27,231
27,232
27,233
27,234
27,235
27,236
27,237
27,238
27,239
27,240
27,241
27,242
27,243
27,244
27,245
27,246
27,247
27,248
27,249
27,250
28,101
28,102
28,103
28,104
28,105
28,106
28,107
28,108
28,109
28,110
28,111
28,112
28,113
28,114
28,115
28,116
28,117
28,118
28,119
28,120
28,121
28,122
28,123
28,124
28,125
28,126
28,127
28,128
28,129
28,130
28,131
28,132
28,133
28,134
28,135
28,136
28,137
28,138
28,139
28,140
28,141
28,142
28,143
28,144
28,145
28,146
28,147
28,148
28,149
28,150
28,151
28,152
28,153
28,154
28,155
28,156
28,157
28,158
28,159
28,160
28,161
28,162
28,163
28,164
28,165
28,166
28,167
28,168
28,169
28,170
28,171
28,172
28,173
28,174
28,175
28,176
28,177
28,178
28,179
28,180
28,181
28,182
28,183
28,184
28,185
28,186
28,187
28,188
28,189
28,190
28,191
28,192
28,193
28,194
28,195
28,196
28,197
28,198
28,199
28,200
28,201
28,202
28,203
28,204
28,205
28,206
28,207
28,208
28,209
28,210
28,211
28,212
28,213
28,214
28,215
28,216
28,217
28,218
28,219
28,220
29,101
29,102
29,103
29,104
29,105
29,106
29,107
29,108
29,109
29,110
29,111
29,112
29,113
29,114
29,115
29,116
29,117
29,118
29,119
29,120
29,121
29,122
29,123
29,124
29,125
29,126
29,127
29,128
29,129
29,130
29,131
29,132
29,133
29,134
29,135
29,136
29,137
29,138
29,139
29,140
29,141
29,142
29,143
29,144
29,145
29,146
29,147
29,148
29,149
29,150
29,151
29,152
29,153
29,154
29,155
29,156
29,157
29,158
29,159
29,160
29,161
29,162
29,163
29,164
29,165
29,166
29,167
29,168
29,169
29,170
29,171
29,172
29,173
29,174
29,175
29,176
29,177
29,178
29,179
29,180
29,181
29,182
29,183
29,184
29,185
29,186
29,187
29,188
29,189
29,190
29,191
29,192
29,193
29,194
29,195
29,196
29,197
29,198
29,199
29,200
30,101
30,102
30,103
30,104
30,105
30,106
30,107
30,108
30,109
30,110
30,111
30,112
30,113
30,114
30,115
30,116
30,117
30,118
30,119
30,120
30,121
30,122
30,123
30,124
30,125
30,126
30,127
30,128
30,129
30,130
30,131
30,132
30,133
30,134
30,135
30,136
30,137
30,138
30,139
30,140
30,141
30,142
30,143
30,144
30,145
30,146
30,147
30,148
30,149
30,150
30,151
30,152
30,153
30,154
30,155
30,156
30,157
30,158
30,159
30,160
30,161
30,162
30,163
30,164
30,165
30,166
30,167
30,168
30,169
30,170
30,171
30,172
30,173
30,174
30,175
30,176
30,177
30,178
30,179
30,180
30,181
30,182
30,183
30,184
30,185
30,186
30,187
30,188
30,189
30,190
30,191
30,192
30,193
30,194
30,195
30,196
30,197
30,198
30,199
30,200
30,201
30,202
30,203
30,204
30,205
30,206
30,207
30,208
30,209
30,210
30,211
30,212
30,213
30,214
30,215
30,216
30,217
30,218
30,219
30,220
30,221
30,222
30,223
30,224
30,225
30,226
30,227
30,228
30,229
30,230
30,231
30,232
30,233
30,234
30,235
30,236
30,237
30,238
30,239
30,240
30,241
30,242
30,243
30,244
30,245
30,246
30,247
30,248
30,249
30,250
30,251
30,252
30,253
30,254
30,255
30,256
30,257
30,258
30,259
30,260
30,261
30,262
30,263
30,264
30,265
30,266
30,267
30,268
30,269
30,270
30,271
30,272
30,273
30,274
30,275
30,276
30,277
30,278
30,279
30,280
30,281
30,282
30,283
30,284
30,285
30,286
30,287
30,288
30,289
30,290
31,101
31,102
31,103
31,104
31,105
31,106
31,107
31,108
31,109
31,110
31,111
31,112
31,113
31,114
31,115
31,116
31,117
31,118
31,119
31,120
31,121
31,122
31,123
31,124
31,125
31,126
31,127
31,128
31,129
31,130
31,131
31,132
31,133
31,134
31,135
31,136
31,137
31,138
31,139
31,140
31,141
31,142
31,143
31,144
31,145
31,146
31,147
31,148
31,149
31,150
31,151
31,152
31,153
31,154
31,155
31,156
31,157
31,158
31,159
31,160
31,161
31,162
31,163
31,164
31,165
31,166
31,167
31,168
31,169
31,170
31,171
31,172
31,173
31,174
31,175
31,176
31,177
31,178
31,179
31,180
31,181
31,182
31,183
31,184
31,185
31,186
31,187
31,188
31,189
31,190
31,191
31,192
31,193
31,194
31,195
31,196
31,197
31,198
31,199
31,200
31,201
31,202
31,203
31,204
31,205
31,206
31,207
31,208
31,209
31,210
31,211
31,212
31,213
31,214
31,215
31,216
31,217
31,218
31,219
31,220
31,221
31,222
31,223
31,224
31,225
31,226
31,227
31,228
31,229
31,230
31,231
31,232
31,233
31,234
31,235
31,236
31,237
31,238
31,239
31,240
31,241
31,242
31,243
31,244
31,245
31,246
31,247
31,248
31,249
31,250
31,251
31,252
31,253
31,254
31,255
31,256
31,257
31,258
31,259
31,260
31,261
31,262
31,263
31,264
31,265
31,266
31,267
31,268
31,269
31,270
32,101
32,102
32,103
32,104
32,105
32,106
32,107
32,108
32,109
32,110
32,111
32,112
32,113
32,114
32,115
32,116
32,117
32,118
32,119
32,120
32,121
32,122
32,123
32,124
32,125
32,126
32,127
32,128
32,129
32,130
32,131
32,132
32,133
32,134
32,135
32,136
32,137
32,138
32,139
32,140
32,141
32,142
32,143
32,144
32,145
32,146
32,147
32,148
32,149
32,150
32,151
32,152
32,153
32,154
32,155
32,156
32,157
32,158
32,159
32,160
32,161
32,162
32,163
32,164
32,165
32,166
32,167
32,168
32,169
32,170
32,171
32,172
32,173
32,174
32,175
32,176
32,177
32,178
32,179
32,180
32,181
32,182
32,183
32,184
32,185
32,186
32,187
32,188
32,189
32,190
32,191
32,192
32,193
32,194
32,195
32,196
32,197
32,198
32,199
32,200
32,201
32,202
32,203
32,204
32,205
32,206
32,207
32,208
32,209
32,210
32,211
32,212
32,213
32,214
32,215
32,216
32,217
32,218
32,219
32,220
32,221
32,222
32,223
32,224
32,225
32,226
32,227
32,228
32,229
32,230
32,231
32,232
32,233
32,234
32,235
32,236
32,237
32,238
32,239
32,240
33,101
33,102
33,103
33,104
33,105
33,106
33,107
33,108
33,109
33,110
33,111
33,112
33,113
33,114
33,115
33,116
33,117
33,118
33,119
33,120
33,121
33,122
33,123
33,124
33,125
33,126
33,127
33,128
33,129
33,130
33,131
33,132
33,133
33,134
33,135
33,136
33,137
33,138
33,139
33,140
33,141
33,142
33,143
33,144
33,145
33,146
33,147
33,148
33,149
33,150
33,151
33,152
33,153
33,154
33,155
33,156
33,157
33,158
33,159
33,160
33,161
33,162
33,163
33,164
33,165
33,166
33,167
33,168
33,169
33,170
33,171
33,172
33,173
33,174
33,175
33,176
33,177
33,178
33,179
33,180
33,181
33,182
33,183
33,184
33,185
33,186
33,187
33,188
33,189
33,190
33,191
33,192
33,193
33,194
33,195
33,196
33,197
33,198
33,199
33,200
33,201
33,202
33,203
33,204
33,205
33,206
33,207
33,208
33,209
33,210
33,211
33,212
33,213
33,214
33,215
33,216
33,217
33,218
33,219
33,220
34,101
34,102
34,103
34,104
34,105
34,106
34,107
34,108
34,109
34,110
34,111
34,112
34,113
34,114
34,115
34,116
34,117
34,118
34,119
34,120
34,121
34,122
34,123
34,124
34,125
34,126
34,127
34,128
34,129
34,130
34,131
34,132
34,133
34,134
34,135
34,136
34,137
34,138
34,139
34,140
34,141
34,142
34,143
34,144
34,145
34,146
34,147
34,148
34,149
34,150
34,151
34,152
34,153
34,154
34,155
34,156
34,157
34,158
34,159
34,160
34,161
34,162
34,163
34,164
34,165
34,166
34,167
34,168
34,169
34,170
34,171
34,172
34,173
34,174
34,175
34,176
34,177
34,178
34,179
34,180
34,181
34,182
34,183
34,184
34,185
34,186
34,187
34,188
34,189
34,190
34,191
34,192
34,193
34,194
34,195
34,196
34,197
34,198
34,199
34,200
34,201
34,202
34,203
34,204
34,205
34,206
34,207
34,208
34,209
34,210
35,101
35,102
35,103
35,104
35,105
35,106
35,107
35,108
35,109
35,110
35,111
35,112
35,113
35,114
35,115
35,116
35,117
35,118
35,119
35,120
35,121
35,122
35,123
35,124
35,125
35,126
35,127
35,128
35,129
35,130
35,131
35,132
35,133
35,134
35,135
35,136
35,137
35,138
35,139
35,140
35,141
35,142
35,143
35,144
35,145
35,146
35,147
35,148
35,149
35,150
35,151
35,152
35,153
35,154
35,155
35,156
35,157
35,158
35,159
35,160
35,161
35,162
35,163
35,164
35,165
35,166
35,167
35,168
35,169
35,170
35,171
35,172
35,173
35,174
35,175
35,176
35,177
35,178
35,179
35,180
35,181
35,182
35,183
35,184
35,185
35,186
35,187
35,188
35,189
35,190
35,191
35,192
35,193
35,194
35,195
35,196
35,197
35,198
35,199
35,200
35,201
35,202
35,203
35,204
35,205
35,206
35,207
35,208
35,209
35,210
35,211
35,212
35,213
35,214
35,215
35,216
35,217
35,218
35,219
35,220
35,221
35,222
35,223
35,224
35,225
35,226
35,227
35,228
35,229
35,230
35,231
35,232
35,233
35,234
35,235
35,236
35,237
35,238
35,239
35,240
35,241
35,242
35,243
35,244
35,245
35,246
35,247
35,248
35,249
35,250
35,251
35,252
35,253
35,254
35,255
35,256
35,257
35,258
35,259
35,260
35,261
35,262
35,263
35,264
35,265
35,266
35,267
35,268
35,269
35,270
35,271
35,272
35,273
35,274
35,275
35,276
35,277
35,278
35,279
35,280
35,281
35,282
35,283
35,284
35,285
35,286
35,287
35,288
35,289
35,290
35,291
35,292
35,293
35,294
35,295
35,296
35,297
35,298
35,299
35,300
36,101
36,102
36,103
36,104
36,105
36,106
36,107
36,108
36,109
36,110
36,111
36,112
36,113
36,114
36,115
36,116
36,117
36,118
36,119
36,120
36,121
36,122
36,123
36,124
36,125
36,126
36,127
36,128
36,129
36,130
36,131
36,132
36,133
36,134
36,135
36,136
36,137
36,138
36,139
36,140
36,141
36,142
36,143
36,144
36,145
36,146
36,147
36,148
36,149
36,150
36,151
36,152
36,153
36,154
36,155
36,156
36,157
36,158
36,159
36,160
36,161
36,162
36,163
36,164
36,165
36,166
36,167
36,168
36,169
36,170
36,171
36,172
36,173
36,174
36,175
36,176
36,177
36,178
36,179
36,180
36,181
36,182
36,183
36,184
36,185
36,186
36,187
36,188
36,189
36,190
36,191
36,192
36,193
36,194
36,195
36,196
36,197
36,198
36,199
36,200
37,101
37,102
37,103
37,104
37,105
37,106
37,107
37,108
37,109
37,110
37,111
37,112
37,113
37,114
37,115
37,116
37,117
37,118
37,119
37,120
37,121
37,122
37,123
37,124
37,125
37,126
37,127
37,128
37,129
37,130
37,131
37,132
37,133
37,134
37,135
37,136
37,137
37,138
37,139
37,140
37,141
37,142
37,143
37,144
37,145
37,146
37,147
37,148
37,149
37,150
37,151
37,152
37,153
37,154
37,155
37,156
37,157
37,158
37,159
37,160
37,161
37,162
37,163
37,164
37,165
37,166
37,167
37,168
37,169
37,170
37,171
37,172
37,173
37,174
37,175
37,176
37,177
37,178
37,179
37,180
37,181
37,182
37,183
37,184
37,185
37,186
37,187
37,188
37,189
37,190
37,191
37,192
37,193
37,194
37,195
37,196
37,197
37,198
37,199
37,200
37,201
37,202
37,203
37,204
37,205
37,206
37,207
37,208
37,209
37,210
37,211
37,212
37,213
37,214
37,215
37,216
37,217
37,218
37,219
37,220
37,221
37,222
37,223
37,224
37,225
37,226
37,227
37,228
37,229
37,230
37,231
37,232
37,233
37,234
37,235
37,236
37,237
37,238
37,239
37,240
37,241
37,242
37,243
37,244
37,245
37,246
37,247
37,248
37,249
37,250
37,251
37,252
37,253
37,254
37,255
37,256
37,257
37,258
37,259
37,260
37,261
37,262
37,263
37,264
37,265
37,266
37,267
37,268
37,269
37,270
37,271
37,272
37,273
37,274
37,275
37,276
37,277
37,278
37,279
37,280
37,281
37,282
37,283
37,284
37,285
37,286
37,287
37,288
37,289
37,290
38,101
38,102
38,103
38,104
38,105
38,106
38,107
38,108
38,109
38,110
38,111
38,112
38,113
38,114
38,115
38,116
38,117
38,118
38,119
38,120
38,121
38,122
38,123
38,124
38,125
38,126
38,127
38,128
38,129
38,130
38,131
38,132
38,133
38,134
38,135
38,136
38,137
38,138
38,139
38,140
38,141
38,142
38,143
38,144
38,145
38,146
38,147
38,148
38,149
38,150
38,151
38,152
38,153
38,154
38,155
38,156
38,157
38,158
38,159
38,160
38,161
38,162
38,163
38,164
38,165
38,166
38,167
38,168
38,169
38,170
38,171
38,172
38,173
38,174
38,175
38,176
38,177
38,178
38,179
38,180
38,181
38,182
38,183
38,184
38,185
38,186
38,187
38,188
38,189
38,190
38,191
38,192
38,193
38,194
38,195
38,196
38,197
38,198
38,199
38,200
38,201
38,202
38,203
38,204
38,205
38,206
38,207
38,208
38,209
38,210
38,211
38,212
38,213
38,214
38,215
38,216
38,217
38,218
38,219
38,220
38,221
38,222
38,223
38,224
38,225
38,226
38,227
38,228
38,229
38,230
38,231
38,232
38,233
38,234
38,235
38,236
38,237
38,238
38,239
38,240
38,241
38,242
38,243
38,244
38,245
38,246
38,247
38,248
38,249
38,250
38,251
38,252
38,253
38,254
38,255
38,256
38,257
38,258
38,259
38,260
38,261
38,262
38,263
38,264
38,265
38,266
38,267
38,268
38,269
38,270
38,271
38,272
38,273
38,274
38,275
38,276
38,277
38,278
38,279
38,280
38,281
38,282
38,283
38,284
38,285
38,286
38,287
38,288
38,289
38,290
38,291
38,292
38,293
38,294
38,295
38,296
38,297
38,298
38,299
38,300
39,101
39,102
39,103
39,104
39,105
39,106
39,107
39,108
39,109
39,110
39,111
39,112
39,113
39,114
39,115
39,116
39,117
39,118
39,119
39,120
39,121
39,122
39,123
39,124
39,125
39,126
39,127
39,128
39,129
39,130
39,131
39,132
39,133
39,134
39,135
39,136
39,137
39,138
39,139
39,140
39,141
39,142
39,143
39,144
39,145
39,146
39,147
39,148
39,149
39,150
39,151
39,152
39,153
39,154
39,155
39,156
39,157
39,158
39,159
39,160
39,161
39,162
39,163
39,164
39,165
39,166
39,167
39,168
39,169
39,170
39,171
39,172
39,173
39,174
39,175
39,176
39,177
39,178
39,179
39,180
39,181
39,182
39,183
39,184
39,185
39,186
39,187
39,188
39,189
39,190
39,191
39,192
39,193
39,194
39,195
39,196
39,197
39,198
39,199
39,200
40,101
40,102
40,103
40,104
40,105
40,106
40,107
40,108
40,109
40,110
40,111
40,112
40,113
40,114
40,115
40,116
40,117
40,118
40,119
40,120
40,121
40,122
40,123
40,124
40,125
40,126
40,127
40,128
40,129
40,130
40,131
40,132
40,133
40,134
40,135
40,136
40,137
40,138
40,139
40,140
40,141
40,142
40,143
40,144
40,145
40,146
40,147
40,148
40,149
40,150
40,151
40,152
40,153
40,154
40,155
40,156
40,157
40,158
40,159
40,160
40,161
40,162
40,163
40,164
40,165
40,166
40,167
40,168
40,169
40,170
40,171
40,172
40,173
40,174
40,175
40,176
40,177
40,178
40,179
40,180
40,181
40,182
40,183
40,184
40,185
40,186
40,187
40,188
40,189
40,190
40,191
40,192
40,193
40,194
40,195
40,196
40,197
40,198
40,199
40,200
40,201
40,202
40,203
40,204
40,205
40,206
40,207
40,208
40,209
40,210
40,211
40,212
40,213
40,214
40,215
40,216
40,217
40,218
40,219
40,220
40,221
40,222
40,223
40,224
40,225
40,226
40,227
40,228
40,229
40,230
40,231
40,232
40,233
40,234
40,235
40,236
40,237
40,238
40,239
40,240
40,241
40,242
40,243
40,244
40,245
40,246
40,247
40,248
40,249
40,250
40,251
40,252
40,253
40,254
40,255
40,256
40,257
40,258
40,259
40,260
40,261
40,262
40,263
40,264
40,265
40,266
40,267
40,268
40,269
40,270
41,101
41,102
41,103
41,104
41,105
41,106
41,107
41,108
41,109
41,110
41,111
41,112
41,113
41,114
41,115
41,116
41,117
41,118
41,119
41,120
41,121
41,122
41,123
41,124
41,125
41,126
41,127
41,128
41,129
41,130
41,131
41,132
41,133
41,134
41,135
41,136
41,137
41,138
41,139
41,140
41,141
41,142
41,143
41,144
41,145
41,146
41,147
41,148
41,149
41,150
41,151
41,152
41,153
41,154
41,155
41,156
41,157
41,158
41,159
41,160
41,161
41,162
41,163
41,164
41,165
41,166
41,167
41,168
41,169
41,170
41,171
41,172
41,173
41,174
41,175
41,176
41,177
41,178
41,179
41,180
41,181
41,182
41,183
41,184
41,185
41,186
41,187
41,188
41,189
41,190
41,191
41,192
41,193
41,194
41,195
41,196
41,197
41,198
41,199
41,200
41,201
41,202
41,203
41,204
41,205
41,206
41,207
41,208
41,209
41,210
41,211
41,212
41,213
41,214
41,215
41,216
41,217
41,218
41,219
41,220
41,221
41,222
41,223
41,224
41,225
41,226
41,227
41,228
41,229
41,230
41,231
41,232
41,233
41,234
41,235
41,236
41,237
41,238
41,239
41,240
41,241
41,242
41,243
41,244
41,245
41,246
41,247
41,248
41,249
41,250
41,251
41,252
41,253
41,254
41,255
41,256
41,257
41,258
41,259
41,260
42,101
42,102
42,103
42,104
42,105
42,106
42,107
42,108
42,109
42,110
42,111
42,112
42,113
42,114
42,115
42,116
42,117
42,118
42,119
42,120
42,121
42,122
42,123
42,124
42,125
42,126
42,127
42,128
42,129
42,130
42,131
42,132
42,133
42,134
42,135
42,136
42,137
42,138
42,139
42,140
42,141
42,142
42,143
42,144
42,145
42,146
42,147
42,148
42,149
42,150
42,151
42,152
42,153
42,154
42,155
42,156
42,157
42,158
42,159
42,160
42,161
42,162
42,163
42,164
42,165
42,166
42,167
42,168
42,169
42,170
42,171
42,172
42,173
42,174
42,175
42,176
42,177
42,178
42,179
42,180
42,181
42,182
42,183
42,184
42,185
42,186
42,187
42,188
42,189
42,190
42,191
42,192
42,193
42,194
42,195
42,196
42,197
42,198
42,199
42,200
42,201
42,202
42,203
42,204
42,205
42,206
42,207
42,208
42,209
42,210
42,211
42,212
42,213
42,214
42,215
42,216
42,217
42,218
42,219
42,220
42,221
42,222
42,223
42,224
42,225
42,226
42,227
42,228
42,229
42,230
42,231
42,232
42,233
42,234
42,235
42,236
42,237
42,238
42,239
42,240
42,241
42,242
42,243
42,244
42,245
42,246
42,247
42,248
42,249
42,250
42,251
42,252
42,253
42,254
42,255
42,256
42,257
42,258
42,259
42,260
43,101
43,102
43,103
43,104
43,105
43,106
43,107
43,108
43,109
43,110
43,111
43,112
43,113
43,114
43,115
43,116
43,117
43,118
43,119
43,120
43,121
43,122
43,123
43,124
43,125
43,126
43,127
43,128
43,129
43,130
43,131
43,132
43,133
43,134
43,135
43,136
43,137
43,138
43,139
43,140
43,141
43,142
43,143
43,144
43,145
43,146
43,147
43,148
43,149
43,150
43,151
43,152
43,153
43,154
43,155
43,156
43,157
43,158
43,159
43,160
43,161
43,162
43,163
43,164
43,165
43,166
43,167
43,168
43,169
43,170
43,171
43,172
43,173
43,174
43,175
43,176
43,177
43,178
43,179
43,180
43,181
43,182
43,183
43,184
43,185
43,186
43,187
43,188
43,189
43,190
43,191
43,192
43,193
43,194
43,195
43,196
43,197
43,198
43,199
43,200
43,201
43,202
43,203
43,204
43,205
43,206
43,207
43,208
43,209
43,210
43,211
43,212
43,213
43,214
43,215
43,216
43,217
43,218
43,219
43,220
43,221
43,222
43,223
43,224
43,225
43,226
43,227
43,228
43,229
43,230
43,231
43,232
43,233
43,234
43,235
43,236
43,237
43,238
43,239
43,240
43,241
43,242
43,243
43,244
43,245
43,246
43,247
43,248
43,249
43,250
43,251
43,252
43,253
43,254
43,255
43,256
43,257
43,258
43,259
43,260
43,261
43,262
43,263
43,264
43,265
43,266
43,267
43,268
43,269
43,270
43,271
43,272
43,273
43,274
43,275
43,276
43,277
43,278
43,279
43,280
43,281
43,282
43,283
43,284
43,285
43,286
43,287
43,288
43,289
43,290
44,101
44,102
44,103
44,104
44,105
44,106
44,107
44,108
44,109
44,110
44,111
44,112
44,113
44,114
44,115
44,116
44,117
44,118
44,119
44,120
44,121
44,122
44,123
44,124
44,125
44,126
44,127
44,128
44,129
44,130
44,131
44,132
44,133
44,134
44,135
44,136
44,137
44,138
44,139
44,140
44,141
44,142
44,143
44,144
44,145
44,146
44,147
44,148
44,149
44,150
44,151
44,152
44,153
44,154
44,155
44,156
44,157
44,158
44,159
44,160
44,161
44,162
44,163
44,164
44,165
44,166
44,167
44,168
44,169
44,170
44,171
44,172
44,173
44,174
44,175
44,176
44,177
44,178
44,179
44,180
44,181
44,182
44,183
44,184
44,185
44,186
44,187
44,188
44,189
44,190
44,191
44,192
44,193
44,194
44,195
44,196
44,197
44,198
44,199
44,200
44,201
44,202
44,203
44,204
44,205
44,206
44,207
44,208
44,209
44,210
44,211
44,212
44,213
44,214
44,215
44,216
44,217
44,218
44,219
44,220
44,221
44,222
44,223
44,224
44,225
44,226
44,227
44,228
44,229
44,230
44,231
44,232
44,233
44,234
44,235
44,236
44,237
44,238
44,239
44,240
44,241
44,242
44,243
44,244
44,245
44,246
44,247
44,248
44,249
44,250
44,251
44,252
44,253
44,254
44,255
44,256
44,257
44,258
44,259
44,260
44,261
44,262
44,263
44,264
44,265
44,266
44,267
44,268
44,269
44,270
45,101
45,102
45,103
45,104
45,105
45,106
45,107
45,108
45,109
45,110
45,111
45,112
45,113
45,114
45,115
45,116
45,117
45,118
45,119
45,120
45,121
45,122
45,123
45,124
45,125
45,126
45,127
45,128
45,129
45,130
45,131
45,132
45,133
45,134
45,135
45,136
45,137
45,138
45,139
45,140
45,141
45,142
45,143
45,144
45,145
45,146
45,147
45,148
45,149
45,150
45,151
45,152
45,153
45,154
45,155
45,156
45,157
45,158
45,159
45,160
45,161
45,162
45,163
45,164
45,165
45,166
45,167
45,168
45,169
45,170
45,171
45,172
45,173
45,174
45,175
45,176
45,177
45,178
45,179
45,180
45,181
45,182
45,183
45,184
45,185
45,186
45,187
45,188
45,189
45,190
45,191
45,192
45,193
45,194
45,195
45,196
45,197
45,198
45,199
45,200
45,201
45,202
45,203
45,204
45,205
45,206
45,207
45,208
45,209
45,210
45,211
45,212
45,213
45,214
45,215
45,216
45,217
45,218
45,219
45,220
45,221
45,222
45,223
45,224
45,225
45,226
45,227
45,228
45,229
45,230
45,231
45,232
45,233
45,234
45,235
45,236
45,237
45,238
45,239
45,240
45,241
45,242
45,243
45,244
45,245
45,246
45,247
45,248
45,249
45,250
45,251
45,252
45,253
45,254
45,255
45,256
45,257
45,258
45,259
45,260
45,261
45,262
45,263
45,264
45,265
45,266
45,267
45,268
45,269
45,270
46,101
46,102
46,103
46,104
46,105
46,106
46,107
46,108
46,109
46,110
46,111
46,112
46,113
46,114
46,115
46,116
46,117
46,118
46,119
46,120
46,121
46,122
46,123
46,124
46,125
46,126
46,127
46,128
46,129
46,130
46,131
46,132
46,133
46,134
46,135
46,136
46,137
46,138
46,139
46,140
46,141
46,142
46,143
46,144
46,145
46,146
46,147
46,148
46,149
46,150
46,151
46,152
46,153
46,154
46,155
46,156
46,157
46,158
46,159
46,160
46,161
46,162
46,163
46,164
46,165
46,166
46,167
46,168
46,169
46,170
46,171
46,172
46,173
46,174
46,175
46,176
46,177
46,178
46,179
46,180
46,181
46,182
46,183
46,184
46,185
46,186
46,187
46,188
46,189
46,190
46,191
46,192
46,193
46,194
46,195
46,196
46,197
46,198
46,199
46,200
46,201
46,202
46,203
46,204
46,205
46,206
46,207
46,208
46,209
46,210
46,211
46,212
46,213
46,214
46,215
46,216
46,217
46,218
46,219
46,220
46,221
46,222
46,223
46,224
46,225
46,226
46,227
46,228
46,229
46,230
46,231
46,232
46,233
46,234
46,235
46,236
46,237
46,238
46,239
46,240
46,241
46,242
46,243
46,244
46,245
46,246
46,247
46,248
46,249
46,250
46,251
46,252
46,253
46,254
46,255
46,256
46,257
46,258
46,259
46,260
46,261
46,262
46,263
46,264
46,265
46,266
46,267
46,268
46,269
46,270
46,271
46,272
46,273
46,274
46,275
46,276
46,277
46,278
46,279
46,280
46,281
46,282
46,283
46,284
46,285
46,286
46,287
46,288
46,289
46,290
46,291
46,292
46,293
46,294
46,295
46,296
46,297
46,298
46,299
46,300
47,101
47,102
47,103
47,104
47,105
47,106
47,107
47,108
47,109
47,110
47,111
47,112
47,113
47,114
47,115
47,116
47,117
47,118
47,119
47,120
47,121
47,122
47,123
47,124
47,125
47,126
47,127
47,128
47,129
47,130
47,131
47,132
47,133
47,134
47,135
47,136
47,137
47,138
47,139
47,140
47,141
47,142
47,143
47,144
47,145
47,146
47,147
47,148
47,149
47,150
47,151
47,152
47,153
47,154
47,155
47,156
47,157
47,158
47,159
47,160
47,161
47,162
47,163
47,164
47,165
47,166
47,167
47,168
47,169
47,170
47,171
47,172
47,173
47,174
47,175
47,176
47,177
47,178
47,179
47,180
47,181
47,182
47,183
47,184
47,185
47,186
47,187
47,188
47,189
47,190
47,191
47,192
47,193
47,194
47,195
47,196
47,197
47,198
47,199
47,200
47,201
47,202
47,203
47,204
47,205
47,206
47,207
47,208
47,209
47,210
47,211
47,212
47,213
47,214
47,215
47,216
47,217
47,218
47,219
47,220
47,221
47,222
47,223
47,224
47,225
47,226
47,227
47,228
47,229
47,230
48,101
48,102
48,103
48,104
48,105
48,106
48,107
48,108
48,109
48,110
48,111
48,112
48,113
48,114
48,115
48,116
48,117
48,118
48,119
48,120
48,121
48,122
48,123
48,124
48,125
48,126
48,127
48,128
48,129
48,130
48,131
48,132
48,133
48,134
48,135
48,136
48,137
48,138
48,139
48,140
48,141
48,142
48,143
48,144
48,145
48,146
48,147
48,148
48,149
48,150
48,151
48,152
48,153
48,154
48,155
48,156
48,157
48,158
48,159
48,160
48,161
48,162
48,163
48,164
48,165
48,166
48,167
48,168
48,169
48,170
48,171
48,172
48,173
48,174
48,175
48,176
48,177
48,178
48,179
48,180
48,181
48,182
48,183
48,184
48,185
48,186
48,187
48,188
48,189
48,190
48,191
48,192
48,193
48,194
48,195
48,196
48,197
48,198
48,199
48,200
48,201
48,202
48,203
48,204
48,205
48,206
48,207
48,208
48,209
48,210
48,211
48,212
48,213
48,214
48,215
48,216
48,217
48,218
48,219
48,220
48,221
48,222
48,223
48,224
48,225
48,226
48,227
48,228
48,229
48,230
48,231
48,232
48,233
48,234
48,235
48,236
48,237
48,238
48,239
48,240
48,241
48,242
48,243
48,244
48,245
48,246
48,247
48,248
48,249
48,250
48,251
48,252
48,253
48,254
48,255
48,256
48,257
48,258
48,259
48,260
48,261
48,262
48,263
48,264
48,265
48,266
48,267
48,268
48,269
48,270
48,271
48,272
48,273
48,274
48,275
48,276
48,277
48,278
48,279
48,280
48,281
48,282
48,283
48,284
48,285
48,286
48,287
48,288
48,289
48,290
48,291
48,292
48,293
48,294
48,295
48,296
48,297
48,298
48,299
48,300
49,101
49,102
49,103
49,104
49,105
49,106
49,107
49,108
49,109
49,110
49,111
49,112
49,113
49,114
49,115
49,116
49,117
49,118
49,119
49,120
49,121
49,122
49,123
49,124
49,125
49,126
49,127
49,128
49,129
49,130
49,131
49,132
49,133
49,134
49,135
49,136
49,137
49,138
49,139
49,140
49,141
49,142
49,143
49,144
49,145
49,146
49,147
49,148
49,149
49,150
49,151
49,152
49,153
49,154
49,155
49,156
49,157
49,158
49,159
49,160
49,161
49,162
49,163
49,164
49,165
49,166
49,167
49,168
49,169
49,170
49,171
49,172
49,173
49,174
49,175
49,176
49,177
49,178
49,179
49,180
49,181
49,182
49,183
49,184
49,185
49,186
49,187
49,188
49,189
49,190
49,191
49,192
49,193
49,194
49,195
49,196
49,197
49,198
49,199
49,200
49,201
49,202
49,203
49,204
49,205
49,206
49,207
49,208
49,209
49,210
49,211
49,212
49,213
49,214
49,215
49,216
49,217
49,218
49,219
49,220
49,221
49,222
49,223
49,224
49,225
49,226
49,227
49,228
49,229
49,230
50,101
50,102
50,103
50,104
50,105
50,106
50,107
50,108
50,109
50,110
50,111
50,112
50,113
50,114
50,115
50,116
50,117
50,118
50,119
50,120
50,121
50,122
50,123
50,124
50,125
50,126
50,127
50,128
50,129
50,130
50,131
50,132
50,133
50,134
50,135
50,136
50,137
50,138
50,139
50,140
50,141
50,142
50,143
50,144
50,145
50,146
50,147
50,148
50,149
50,150
50,151
50,152
50,153
50,154
50,155
50,156
50,157
50,158
50,159
50,160
50,161
50,162
50,163
50,164
50,165
50,166
50,167
50,168
50,169
50,170
50,171
50,172
50,173
50,174
50,175
50,176
50,177
50,178
50,179
50,180
50,181
50,182
50,183
50,184
50,185
50,186
50,187
50,188
50,189
50,190
50,191
50,192
50,193
50,194
50,195
50,196
50,197
50,198
50,199
50,200
50,201
50,202
50,203
50,204
50,205
50,206
50,207
50,208
50,209
50,210
50,211
50,212
50,213
50,214
50,215
50,216
50,217
50,218
50,219
50,220
